{
  "IcoMoonType": "selection",
  "icons": [
    {
      "icon": {
        "paths": [
          "M430.2 898c-169.6 16.8-316-60-327-171.2-11-111.4 117.6-215 287-231.8 169.6-16.8 316 60 326.8 171.2 11.2 111.4-117.4 215.2-286.8 231.8zM769.2 528.6c-14.4-4.4-24.4-7.2-16.8-26.2 16.4-41.2 18-76.6 0.2-102-33.2-47.4-124.2-45-228.4-1.2 0 0-32.8 14.2-24.4-11.6 16-51.6 13.6-94.6-11.4-119.6-56.6-56.6-207 2.2-336 131.2-96.4 96.2-152.4 198.8-152.4 287.4 0 169.2 217.2 272.2 429.6 272.2 278.4 0 463.8-161.8 463.8-290.2 0-77.8-65.4-121.8-124.2-140z",
          "M954.2 218.6c-67.2-74.6-166.4-103-258-83.6v0c-21.2 4.6-34.6 25.4-30 46.4 4.6 21.2 25.2 34.6 46.4 30 65.2-13.8 135.6 6.4 183.4 59.4s60.8 125.2 40.2 188.4v0c-6.6 20.6 4.6 42.6 25.2 49.4 20.6 6.6 42.6-4.6 49.4-25.2v-0.2c28.8-88.4 10.6-190-56.6-264.6z",
          "M850.8 312c-32.8-36.4-81.2-50.2-125.6-40.6-18.2 3.8-29.8 22-26 40.2 4 18.2 22 29.8 40 25.8v0c21.8-4.6 45.4 2.2 61.4 19.8 16 17.8 20.4 42 13.4 63.2v0c-5.6 17.6 4 36.8 21.8 42.6 17.8 5.6 36.8-4 42.6-21.8 14-43.4 5.2-93-27.6-129.2z",
          "M439.6 696.6c-6 10.2-19 15-29.2 10.8-10.2-4-13.2-15.6-7.4-25.4 6-9.8 18.6-14.6 28.6-10.8 10 3.6 13.6 15 8 25.4zM385.4 765.8c-16.4 26.2-51.6 37.6-78 25.6-26-11.8-33.8-42.2-17.4-67.8 16.2-25.4 50.2-36.8 76.4-25.8 26.6 11.4 35.2 41.6 19 68zM447 580.6c-80.6-21-171.8 19.2-206.8 90.2-35.8 72.4-1.2 153 80.2 179.4 84.4 27.2 184-14.6 218.6-92.6 34.2-76.6-8.4-155.2-92-177z"
        ],
        "tags": [
          "sina-weibo",
          "brand",
          "social"
        ],
        "defaultCode": 60058,
        "grid": 16,
        "attrs": []
      },
      "attrs": [],
      "properties": {
        "name": "sina-weibo",
        "ligatures": "sina-weibo, brand20",
        "order": 2,
        "id": 411,
        "prevSize": 32,
        "code": 60058
      },
      "setIdx": 0,
      "setId": 1,
      "iconIdx": 410
    }
  ],
  "height": 1024,
  "metadata": {
    "name": "icomoon"
  },
  "preferences": {
    "showGlyphs": true,
    "showQuickUse": true,
    "showQuickUse2": true,
    "showSVGs": true,
    "fontPref": {
      "prefix": "icon-",
      "metadata": {
        "fontFamily": "icomoon"
      },
      "metrics": {
        "emSize": 1024,
        "baseline": 6.25,
        "whitespace": 50
      },
      "embed": false
    },
    "imagePref": {
      "prefix": "icon-",
      "png": true,
      "useClassSelector": true,
      "color": 0,
      "bgColor": 16777215,
      "classSelector": ".icon"
    },
    "historySize": 50,
    "showCodes": true,
    "gridSize": 16
  }
}